nose_x,nose_y,left_eye_x,left_eye_y,right_eye_x,right_eye_y,left_ear_x,left_ear_y,right_ear_x,right_ear_y,left_shoulder_x,left_shoulder_y,right_shoulder_x,right_shoulder_y,left_elbow_x,left_elbow_y,right_elbow_x,right_elbow_y,left_wrist_x,left_wrist_y,right_wrist_x,right_wrist_y,left_hip_x,left_hip_y,right_hip_x,right_hip_y,left_knee_x,left_knee_y,right_knee_x,right_knee_y,left_ankle_x,left_ankle_y,right_ankle_x,right_ankle_y,pose_score
196.640625,253.515625,208.359375,239.84375,184.921875,233.984375,218.125,232.03125,145.859375,218.359375,179.0625,275.0,73.59375,273.046875,169.296875,376.5625,73.59375,388.28125,190.78125,312.109375,149.765625,329.6875,130.234375,464.453125,67.734375,474.21875,136.09375,601.171875,85.3125,651.953125,100.9375,653.90625,40.390625,790.625,0.6495011
188.828125,253.515625,200.546875,237.890625,179.0625,233.984375,210.3125,232.03125,140.0,218.359375,169.296875,276.953125,65.78125,275.0,169.296875,372.65625,57.96875,390.234375,188.828125,314.0625,134.140625,327.734375,128.28125,462.5,67.734375,470.3125,145.859375,583.59375,81.40625,644.140625,102.890625,648.046875,46.25,780.859375,0.6711943
175.15625,251.5625,186.875,235.9375,163.4375,232.03125,196.640625,228.125,128.28125,214.453125,186.875,275.0,50.15625,267.1875,200.546875,380.46875,26.71875,380.46875,192.734375,319.921875,100.9375,325.78125,138.046875,460.546875,69.6875,464.453125,161.484375,587.5,69.6875,648.046875,110.703125,632.421875,42.34375,784.765625,0.6670702
167.34375,249.609375,179.0625,233.984375,151.71875,230.078125,188.828125,226.171875,118.515625,212.5,188.828125,276.953125,50.15625,265.234375,223.984375,386.328125,18.90625,374.609375,210.3125,333.59375,87.265625,321.875,140.0,464.453125,69.6875,466.40625,163.4375,589.453125,67.734375,642.1875,110.703125,630.46875,42.34375,784.765625,0.71739817
161.484375,249.609375,171.25,233.984375,147.8125,232.03125,181.015625,228.125,114.609375,214.453125,181.015625,278.90625,46.25,265.234375,235.703125,370.703125,18.90625,370.703125,231.796875,351.171875,67.734375,319.921875,141.953125,464.453125,69.6875,468.359375,167.34375,591.40625,67.734375,644.140625,110.703125,624.609375,42.34375,784.765625,0.6941251
155.625,253.515625,167.34375,235.9375,140.0,233.984375,179.0625,228.125,110.703125,216.40625,181.015625,275.0,54.0625,267.1875,222.03125,347.265625,22.8125,370.703125,235.703125,337.5,69.6875,321.875,145.859375,464.453125,71.640625,470.3125,169.296875,593.359375,67.734375,644.140625,118.515625,624.609375,44.296875,782.8125,0.7050915
157.578125,255.46875,169.296875,237.890625,140.0,235.9375,181.015625,230.078125,108.75,220.3125,179.0625,267.1875,59.921875,278.90625,220.078125,290.625,32.578125,382.421875,227.890625,329.6875,67.734375,347.265625,151.71875,464.453125,79.453125,476.171875,177.109375,595.3125,71.640625,644.140625,120.46875,622.65625,48.203125,778.90625,0.73468494
159.53125,259.375,171.25,241.796875,143.90625,239.84375,181.015625,233.984375,110.703125,222.265625,186.875,273.046875,57.96875,280.859375,227.890625,329.6875,36.484375,390.234375,235.703125,339.453125,65.78125,376.5625,153.671875,464.453125,83.359375,474.21875,181.015625,595.3125,77.5,646.09375,124.375,624.609375,48.203125,780.859375,0.744863
161.484375,265.234375,175.15625,245.703125,143.90625,243.75,184.921875,239.84375,112.65625,226.171875,186.875,284.765625,61.875,278.90625,243.515625,347.265625,40.390625,390.234375,241.5625,339.453125,67.734375,386.328125,159.53125,470.3125,87.265625,480.078125,186.875,593.359375,83.359375,655.859375,141.953125,632.421875,50.15625,780.859375,0.72380984
171.25,265.234375,181.015625,249.609375,157.578125,247.65625,188.828125,241.796875,124.375,228.125,192.734375,286.71875,65.78125,284.765625,231.796875,343.359375,34.53125,388.28125,247.421875,343.359375,48.203125,403.90625,163.4375,472.265625,93.125,485.9375,194.6875,591.40625,98.984375,663.671875,147.8125,640.234375,56.015625,784.765625,0.7107864
196.640625,259.375,206.40625,241.796875,182.96875,237.890625,204.453125,237.890625,143.90625,226.171875,206.40625,296.484375,69.6875,284.765625,239.609375,362.890625,26.71875,351.171875,255.234375,374.609375,22.8125,407.8125,167.34375,474.21875,98.984375,485.9375,192.734375,583.59375,118.515625,671.484375,151.71875,644.140625,69.6875,778.90625,0.6850867
245.46875,247.65625,251.328125,232.03125,233.75,228.125,241.5625,228.125,190.78125,214.453125,214.21875,288.671875,104.84375,278.90625,192.734375,360.9375,11.09375,321.875,202.5,194.921875,15.0,327.734375,169.296875,480.078125,120.46875,483.984375,163.4375,620.703125,171.25,665.625,132.1875,663.671875,75.546875,788.671875,0.5898537
259.140625,245.703125,263.046875,230.078125,251.328125,228.125,196.640625,222.265625,212.265625,222.265625,175.15625,261.328125,157.578125,296.484375,134.140625,298.4375,38.4375,333.59375,188.828125,413.671875,79.453125,335.546875,151.71875,458.59375,126.328125,474.21875,177.109375,601.171875,179.0625,650.0,155.625,632.421875,85.3125,788.671875,0.6077222
255.234375,245.703125,263.046875,235.9375,247.421875,230.078125,241.5625,228.125,212.265625,222.265625,198.59375,275.0,151.71875,269.140625,169.296875,360.9375,143.90625,325.78125,200.546875,360.9375,276.71875,319.921875,153.671875,450.78125,116.5625,458.59375,179.0625,591.40625,175.15625,642.1875,157.578125,636.328125,89.21875,790.625,0.5654226
259.140625,251.5625,265.0,239.84375,259.140625,237.890625,196.640625,218.359375,229.84375,226.171875,147.8125,251.5625,188.828125,267.1875,85.3125,290.625,200.546875,327.734375,259.140625,304.296875,294.296875,312.109375,118.515625,433.203125,118.515625,452.734375,200.546875,472.265625,173.203125,632.421875,167.34375,607.03125,95.078125,788.671875,0.5990722
251.328125,247.65625,257.1875,237.890625,247.421875,230.078125,235.703125,226.171875,220.078125,218.359375,186.875,261.328125,163.4375,259.375,167.34375,335.546875,147.8125,343.359375,229.84375,325.78125,259.140625,323.828125,132.1875,441.015625,116.5625,446.875,165.390625,589.453125,173.203125,628.515625,138.046875,642.1875,97.03125,788.671875,0.5951237
251.328125,237.890625,257.1875,224.21875,243.515625,220.3125,243.515625,220.3125,206.40625,208.59375,198.59375,263.28125,138.046875,261.328125,204.453125,341.40625,71.640625,357.03125,231.796875,327.734375,194.6875,345.3125,147.8125,441.015625,110.703125,444.921875,171.25,591.40625,177.109375,630.46875,128.28125,661.71875,91.171875,788.671875,0.622781
241.5625,241.796875,251.328125,226.171875,233.75,220.3125,247.421875,222.265625,198.59375,204.6875,216.171875,265.234375,120.46875,265.234375,306.015625,300.390625,65.78125,362.890625,409.53125,316.015625,173.203125,349.21875,155.625,441.015625,106.796875,448.828125,179.0625,577.734375,171.25,632.421875,136.09375,663.671875,85.3125,788.671875,0.6420109
235.703125,239.84375,243.515625,226.171875,225.9375,220.3125,243.515625,220.3125,188.828125,202.734375,214.21875,265.234375,110.703125,263.28125,307.96875,286.71875,63.828125,368.75,401.71875,179.296875,167.34375,341.40625,153.671875,441.015625,97.03125,448.828125,181.015625,587.5,163.4375,638.28125,143.90625,671.484375,77.5,790.625,0.6234595
225.9375,239.84375,231.796875,224.21875,216.171875,220.3125,231.796875,220.3125,179.0625,204.6875,200.546875,263.28125,100.9375,265.234375,196.640625,355.078125,71.640625,372.65625,218.125,321.875,161.484375,331.640625,153.671875,441.015625,91.171875,446.875,177.109375,591.40625,145.859375,638.28125,118.515625,677.34375,73.59375,792.578125,0.6250109
216.171875,232.03125,223.984375,218.359375,202.5,214.453125,225.9375,218.359375,163.4375,202.734375,216.171875,263.28125,87.265625,263.28125,212.265625,370.703125,77.5,376.5625,216.171875,316.015625,157.578125,321.875,153.671875,446.875,91.171875,450.78125,179.0625,587.5,128.28125,640.234375,128.28125,667.578125,77.5,788.671875,0.643312
190.78125,245.703125,202.5,230.078125,181.015625,226.171875,204.453125,222.265625,145.859375,210.546875,188.828125,271.09375,71.640625,269.140625,208.359375,372.65625,79.453125,384.375,204.453125,316.015625,141.953125,316.015625,147.8125,456.640625,83.359375,466.40625,182.96875,573.828125,100.9375,653.90625,143.90625,634.375,57.96875,788.671875,0.67731047
181.015625,253.515625,192.734375,237.890625,171.25,233.984375,198.59375,230.078125,132.1875,218.359375,182.96875,282.8125,65.78125,278.90625,196.640625,384.375,73.59375,392.1875,198.59375,323.828125,134.140625,316.015625,145.859375,460.546875,79.453125,474.21875,182.96875,579.6875,95.078125,657.8125,149.765625,628.515625,56.015625,784.765625,0.7058569
181.015625,263.28125,188.828125,245.703125,167.34375,245.703125,192.734375,237.890625,126.328125,228.125,182.96875,290.625,59.921875,288.671875,196.640625,400.0,61.875,411.71875,196.640625,351.171875,140.0,325.78125,147.8125,466.40625,77.5,480.078125,182.96875,589.453125,91.171875,657.8125,153.671875,628.515625,57.96875,780.859375,0.69561464
167.34375,271.09375,173.203125,251.5625,153.671875,255.46875,177.109375,243.75,116.5625,239.84375,175.15625,304.296875,52.109375,304.296875,190.78125,398.046875,52.109375,417.578125,196.640625,364.84375,136.09375,333.59375,145.859375,476.171875,73.59375,489.84375,186.875,595.3125,89.21875,657.8125,151.71875,630.46875,57.96875,778.90625,0.6624306
159.53125,288.671875,171.25,269.140625,145.859375,275.0,179.0625,261.328125,110.703125,257.421875,182.96875,312.109375,42.34375,316.015625,194.6875,405.859375,50.15625,433.203125,192.734375,364.84375,108.75,364.84375,141.953125,482.03125,71.640625,497.65625,190.78125,603.125,91.171875,661.71875,147.8125,634.375,56.015625,780.859375,0.6839476
157.578125,321.875,171.25,306.25,141.953125,306.25,181.015625,298.4375,104.84375,288.671875,184.921875,333.59375,40.390625,341.40625,200.546875,429.296875,46.25,468.359375,190.78125,401.953125,95.078125,407.8125,143.90625,495.703125,67.734375,509.375,194.6875,614.84375,97.03125,661.71875,145.859375,636.328125,61.875,765.234375,0.7128947
167.34375,335.546875,175.15625,319.921875,149.765625,317.96875,179.0625,310.15625,112.65625,306.25,184.921875,341.40625,48.203125,353.125,198.59375,415.625,48.203125,478.125,192.734375,401.953125,104.84375,427.34375,140.0,497.65625,67.734375,511.328125,196.640625,612.890625,97.03125,663.671875,143.90625,640.234375,61.875,773.046875,0.63073474
167.34375,351.171875,177.109375,337.5,153.671875,335.546875,182.96875,327.734375,122.421875,319.921875,186.875,351.171875,50.15625,360.9375,200.546875,417.578125,52.109375,483.984375,192.734375,415.625,116.5625,427.34375,134.140625,499.609375,61.875,513.28125,196.640625,610.9375,100.9375,661.71875,141.953125,642.1875,56.015625,782.8125,0.6428777
177.109375,360.9375,190.78125,345.3125,165.390625,341.40625,192.734375,339.453125,128.28125,327.734375,186.875,362.890625,54.0625,372.65625,208.359375,400.0,63.828125,489.84375,196.640625,413.671875,124.375,433.203125,126.328125,501.5625,54.0625,515.234375,202.5,605.078125,106.796875,661.71875,140.0,648.046875,59.921875,780.859375,0.6026474
184.921875,366.796875,198.59375,351.171875,173.203125,345.3125,208.359375,343.359375,134.140625,327.734375,188.828125,364.84375,61.875,372.65625,214.21875,401.953125,71.640625,493.75,202.5,403.90625,130.234375,435.15625,120.46875,501.5625,48.203125,517.1875,204.453125,597.265625,114.609375,661.71875,140.0,646.09375,59.921875,782.8125,0.6306214
200.546875,358.984375,210.3125,343.359375,192.734375,339.453125,210.3125,333.59375,155.625,325.78125,188.828125,362.890625,77.5,370.703125,206.40625,405.859375,97.03125,482.03125,214.21875,388.28125,149.765625,435.15625,124.375,499.609375,48.203125,515.234375,202.5,583.59375,132.1875,661.71875,141.953125,642.1875,69.6875,784.765625,0.49702588
198.59375,347.265625,212.265625,333.59375,194.6875,331.640625,210.3125,319.921875,163.4375,316.015625,188.828125,358.984375,87.265625,364.84375,194.6875,425.390625,106.796875,476.171875,212.265625,380.46875,149.765625,441.015625,122.421875,495.703125,50.15625,511.328125,202.5,573.828125,134.140625,657.8125,136.09375,620.703125,67.734375,784.765625,0.5432828
206.40625,331.640625,216.171875,317.96875,200.546875,316.015625,214.21875,304.296875,163.4375,302.34375,186.875,349.21875,91.171875,357.03125,200.546875,419.53125,116.5625,466.40625,212.265625,378.515625,182.96875,390.234375,118.515625,491.796875,54.0625,507.421875,198.59375,567.96875,134.140625,655.859375,143.90625,620.703125,63.828125,784.765625,0.6072208
206.40625,316.015625,218.125,302.34375,200.546875,302.34375,220.078125,284.765625,163.4375,284.765625,179.0625,333.59375,95.078125,343.359375,198.59375,394.140625,124.375,448.828125,208.359375,364.84375,186.875,376.5625,122.421875,478.125,59.921875,499.609375,192.734375,560.15625,132.1875,653.90625,141.953125,622.65625,61.875,786.71875,0.62944126
212.265625,296.484375,220.078125,280.859375,206.40625,284.765625,218.125,269.140625,169.296875,271.09375,188.828125,317.96875,98.984375,331.640625,227.890625,364.84375,120.46875,439.0625,210.3125,343.359375,188.828125,362.890625,120.46875,466.40625,61.875,487.890625,190.78125,558.203125,124.375,646.09375,130.234375,638.28125,59.921875,784.765625,0.6437156
214.21875,263.28125,220.078125,247.65625,206.40625,249.609375,206.40625,241.796875,169.296875,239.84375,181.015625,290.625,108.75,298.4375,263.046875,308.203125,118.515625,405.859375,292.34375,304.296875,190.78125,333.59375,114.609375,444.921875,59.921875,460.546875,184.921875,546.484375,112.65625,626.5625,130.234375,640.234375,65.78125,771.09375,0.6702087
212.265625,249.609375,218.125,233.984375,204.453125,233.984375,216.171875,230.078125,165.390625,220.3125,182.96875,275.0,112.65625,282.8125,266.953125,296.484375,122.421875,386.328125,300.15625,237.890625,190.78125,319.921875,108.75,442.96875,61.875,452.734375,179.0625,540.625,106.796875,620.703125,126.328125,640.234375,65.78125,765.234375,0.68649095
208.359375,239.84375,216.171875,228.125,200.546875,224.21875,210.3125,222.265625,163.4375,210.546875,177.109375,259.375,108.75,271.09375,276.71875,265.234375,114.609375,376.5625,421.25,181.25,182.96875,314.0625,110.703125,435.15625,65.78125,442.96875,175.15625,534.765625,102.890625,614.84375,124.375,630.46875,69.6875,765.234375,0.69627047
208.359375,230.078125,216.171875,216.40625,198.59375,212.5,214.21875,212.5,161.484375,202.734375,182.96875,251.5625,102.890625,261.328125,274.765625,263.28125,110.703125,364.84375,409.53125,183.203125,181.015625,304.296875,116.5625,431.25,65.78125,435.15625,163.4375,540.625,100.9375,605.078125,124.375,624.609375,77.5,753.515625,0.6995289
206.40625,222.265625,214.21875,208.59375,198.59375,204.6875,210.3125,204.6875,157.578125,196.875,190.78125,245.703125,98.984375,255.46875,288.4375,253.515625,104.84375,360.9375,417.34375,183.203125,181.015625,296.484375,118.515625,429.296875,67.734375,433.203125,159.53125,540.625,98.984375,603.125,124.375,624.609375,77.5,755.46875,0.7095933
198.59375,220.3125,208.359375,206.640625,188.828125,202.734375,210.3125,202.734375,147.8125,194.921875,196.640625,241.796875,93.125,253.515625,284.53125,255.46875,97.03125,357.03125,421.25,241.796875,181.015625,300.390625,122.421875,431.25,69.6875,433.203125,155.625,538.671875,102.890625,601.171875,124.375,624.609375,79.453125,759.375,0.71127975
200.546875,226.171875,210.3125,214.453125,190.78125,210.546875,208.359375,208.59375,149.765625,200.78125,196.640625,245.703125,89.21875,257.421875,282.578125,255.46875,93.125,362.890625,423.203125,183.203125,175.15625,310.15625,122.421875,431.25,69.6875,435.15625,163.4375,538.671875,106.796875,601.171875,126.328125,626.5625,81.40625,757.421875,0.70415986
200.546875,232.03125,208.359375,218.359375,188.828125,216.40625,208.359375,214.453125,147.8125,206.640625,202.5,249.609375,89.21875,265.234375,282.578125,265.234375,87.265625,370.703125,425.15625,288.671875,173.203125,321.875,128.28125,431.25,71.640625,439.0625,171.25,542.578125,112.65625,607.03125,128.28125,630.46875,83.359375,761.328125,0.7064999
198.59375,239.84375,208.359375,226.171875,188.828125,222.265625,210.3125,220.3125,147.8125,210.546875,198.59375,253.515625,89.21875,267.1875,272.8125,271.09375,81.40625,378.515625,421.25,290.625,163.4375,333.59375,130.234375,433.203125,71.640625,441.015625,173.203125,542.578125,116.5625,607.03125,128.28125,632.421875,85.3125,761.328125,0.69574726
198.59375,247.65625,210.3125,233.984375,188.828125,230.078125,216.171875,224.21875,149.765625,214.453125,194.6875,257.421875,91.171875,271.09375,265.0,267.1875,77.5,378.515625,425.15625,308.203125,157.578125,337.5,130.234375,433.203125,73.59375,441.015625,171.25,542.578125,116.5625,608.984375,128.28125,630.46875,83.359375,765.234375,0.68494004
204.453125,245.703125,214.21875,232.03125,194.6875,228.125,216.171875,224.21875,155.625,212.5,194.6875,257.421875,95.078125,273.046875,272.8125,273.046875,77.5,380.46875,384.140625,179.296875,157.578125,337.5,130.234375,429.296875,73.59375,441.015625,173.203125,540.625,114.609375,610.9375,128.28125,626.5625,85.3125,769.140625,0.68770576
204.453125,245.703125,214.21875,232.03125,196.640625,226.171875,220.078125,224.21875,157.578125,210.546875,184.921875,255.46875,97.03125,273.046875,257.1875,275.0,87.265625,384.375,218.125,302.34375,169.296875,335.546875,128.28125,429.296875,73.59375,441.015625,179.0625,536.71875,112.65625,610.9375,126.328125,622.65625,85.3125,769.140625,0.6814294
206.40625,245.703125,216.171875,232.03125,196.640625,228.125,220.078125,224.21875,157.578125,212.5,196.640625,249.609375,100.9375,273.046875,255.234375,286.71875,97.03125,384.375,245.46875,308.203125,179.0625,337.5,134.140625,427.34375,73.59375,442.96875,182.96875,534.765625,112.65625,610.9375,128.28125,622.65625,85.3125,765.234375,0.6891641
206.40625,241.796875,216.171875,228.125,194.6875,226.171875,218.125,222.265625,157.578125,214.453125,202.5,249.609375,108.75,273.046875,265.0,298.4375,120.46875,376.5625,253.28125,312.109375,210.3125,327.734375,132.1875,429.296875,73.59375,444.921875,184.921875,532.8125,114.609375,612.890625,130.234375,624.609375,85.3125,767.1875,0.69375855
204.453125,245.703125,214.21875,232.03125,192.734375,232.03125,216.171875,226.171875,155.625,216.40625,186.875,253.515625,108.75,273.046875,268.90625,286.71875,147.8125,370.703125,259.140625,308.203125,237.65625,327.734375,128.28125,433.203125,73.59375,446.875,182.96875,534.765625,116.5625,614.84375,128.28125,624.609375,87.265625,769.140625,0.70090604
200.546875,245.703125,208.359375,230.078125,186.875,230.078125,216.171875,224.21875,149.765625,216.40625,192.734375,253.515625,108.75,269.140625,282.578125,282.8125,161.484375,357.03125,372.421875,298.4375,259.140625,314.0625,130.234375,435.15625,75.546875,446.875,184.921875,534.765625,116.5625,616.796875,130.234375,620.703125,87.265625,771.09375,0.6995657
200.546875,241.796875,208.359375,228.125,186.875,228.125,212.265625,222.265625,149.765625,214.453125,190.78125,251.5625,104.84375,267.1875,268.90625,292.578125,157.578125,358.984375,265.0,304.296875,255.234375,316.015625,130.234375,433.203125,79.453125,442.96875,181.015625,538.671875,116.5625,612.890625,122.421875,620.703125,89.21875,771.09375,0.7046215
200.546875,235.9375,208.359375,224.21875,188.828125,222.265625,206.40625,218.359375,151.71875,210.546875,194.6875,249.609375,104.84375,265.234375,265.0,302.34375,143.90625,362.890625,274.765625,310.15625,247.421875,323.828125,136.09375,431.25,81.40625,441.015625,186.875,536.71875,114.609375,612.890625,122.421875,618.75,87.265625,771.09375,0.70116806
200.546875,232.03125,208.359375,218.359375,186.875,218.359375,212.265625,214.453125,149.765625,210.546875,194.6875,247.65625,106.796875,269.140625,257.1875,300.390625,132.1875,368.75,259.140625,316.015625,229.84375,329.6875,136.09375,429.296875,83.359375,439.0625,186.875,538.671875,112.65625,612.890625,122.421875,620.703125,87.265625,771.09375,0.6976471
200.546875,232.03125,208.359375,220.3125,188.828125,218.359375,210.3125,216.40625,149.765625,210.546875,182.96875,249.609375,106.796875,271.09375,249.375,271.09375,120.46875,374.609375,235.703125,321.875,210.3125,341.40625,134.140625,427.34375,83.359375,439.0625,184.921875,536.71875,114.609375,612.890625,124.375,620.703125,89.21875,771.09375,0.6839286
204.453125,241.796875,214.21875,230.078125,192.734375,226.171875,218.125,222.265625,153.671875,212.5,190.78125,251.5625,100.9375,276.953125,241.5625,271.09375,95.078125,388.28125,225.9375,316.015625,181.015625,349.21875,138.046875,427.34375,83.359375,439.0625,177.109375,538.671875,124.375,612.890625,132.1875,622.65625,87.265625,771.09375,0.70987713
204.453125,245.703125,216.171875,232.03125,194.6875,228.125,220.078125,226.171875,157.578125,214.453125,192.734375,253.515625,102.890625,276.953125,241.5625,273.046875,89.21875,384.375,220.078125,316.015625,171.25,353.125,140.0,427.34375,83.359375,441.015625,179.0625,536.71875,128.28125,608.984375,134.140625,620.703125,91.171875,767.1875,0.71349883
204.453125,245.703125,216.171875,232.03125,196.640625,228.125,220.078125,226.171875,159.53125,212.5,188.828125,253.515625,104.84375,276.953125,243.515625,275.0,87.265625,382.421875,216.171875,314.0625,167.34375,353.125,136.09375,431.25,83.359375,441.015625,177.109375,538.671875,130.234375,608.984375,132.1875,622.65625,91.171875,769.140625,0.71559453
206.40625,241.796875,218.125,230.078125,198.59375,226.171875,220.078125,224.21875,163.4375,210.546875,184.921875,253.515625,106.796875,275.0,237.65625,278.90625,89.21875,378.515625,222.03125,316.015625,177.109375,347.265625,136.09375,429.296875,83.359375,441.015625,177.109375,538.671875,128.28125,608.984375,132.1875,622.65625,87.265625,769.140625,0.70876926
210.3125,237.890625,218.125,228.125,202.5,224.21875,212.265625,220.3125,167.34375,210.546875,179.0625,253.515625,112.65625,269.140625,229.84375,280.859375,98.984375,374.609375,225.9375,310.15625,192.734375,341.40625,128.28125,431.25,81.40625,439.0625,167.34375,540.625,120.46875,608.984375,128.28125,624.609375,87.265625,767.1875,0.71706355
212.265625,232.03125,220.078125,220.3125,204.453125,216.40625,210.3125,214.453125,171.25,204.6875,169.296875,257.421875,120.46875,263.28125,167.34375,329.6875,140.0,362.890625,227.890625,321.875,233.75,335.546875,120.46875,431.25,79.453125,439.0625,173.203125,530.859375,112.65625,610.9375,122.421875,622.65625,73.59375,767.1875,0.709525
212.265625,233.984375,220.078125,220.3125,204.453125,216.40625,218.125,216.40625,169.296875,204.6875,173.203125,255.46875,122.421875,263.28125,225.9375,317.96875,179.0625,351.171875,255.234375,316.015625,268.90625,333.59375,120.46875,435.15625,77.5,439.0625,184.921875,528.90625,106.796875,614.84375,118.515625,616.796875,63.828125,769.140625,0.6968086
214.21875,233.984375,220.078125,222.265625,206.40625,218.359375,212.265625,214.453125,169.296875,206.640625,161.484375,257.421875,130.234375,265.234375,206.40625,316.015625,196.640625,341.40625,243.515625,308.203125,294.296875,325.78125,114.609375,439.0625,75.546875,442.96875,163.4375,536.71875,104.84375,618.75,114.609375,620.703125,52.109375,767.1875,0.7184762
214.21875,235.9375,220.078125,222.265625,206.40625,220.3125,208.359375,216.40625,169.296875,208.59375,167.34375,259.375,128.28125,265.234375,222.03125,316.015625,186.875,347.265625,268.90625,310.15625,280.625,319.921875,114.609375,439.0625,75.546875,446.875,173.203125,536.71875,104.84375,622.65625,120.46875,620.703125,40.390625,769.140625,0.7053633
210.3125,239.84375,218.125,228.125,200.546875,224.21875,220.078125,224.21875,163.4375,210.546875,186.875,255.46875,122.421875,269.140625,243.515625,308.203125,159.53125,360.9375,266.953125,306.25,255.234375,327.734375,122.421875,442.96875,71.640625,452.734375,167.34375,548.4375,102.890625,632.421875,120.46875,620.703125,36.484375,776.953125,0.68807834
212.265625,245.703125,218.125,232.03125,202.5,228.125,220.078125,228.125,159.53125,216.40625,161.484375,273.046875,106.796875,278.90625,143.90625,360.9375,106.796875,388.28125,194.6875,341.40625,190.78125,333.59375,124.375,452.734375,69.6875,464.453125,159.53125,575.78125,97.03125,642.1875,112.65625,622.65625,28.671875,782.8125,0.7076594
202.5,247.65625,212.265625,233.984375,190.78125,230.078125,220.078125,230.078125,151.71875,218.359375,175.15625,269.140625,91.171875,275.0,151.71875,360.9375,75.546875,388.28125,194.6875,337.5,159.53125,335.546875,128.28125,452.734375,65.78125,462.5,161.484375,567.96875,91.171875,640.234375,118.515625,626.5625,30.625,776.953125,0.71426445
194.6875,247.65625,206.40625,232.03125,182.96875,228.125,214.21875,230.078125,141.953125,216.40625,182.96875,275.0,71.640625,269.140625,177.109375,366.796875,52.109375,382.421875,198.59375,374.609375,126.328125,341.40625,134.140625,454.6875,69.6875,462.5,161.484375,573.828125,83.359375,640.234375,124.375,620.703125,30.625,778.90625,0.70289606
188.828125,251.5625,202.5,233.984375,175.15625,232.03125,210.3125,230.078125,136.09375,216.40625,194.6875,282.8125,63.828125,267.1875,200.546875,384.375,28.671875,378.515625,202.5,372.65625,110.703125,347.265625,140.0,454.6875,71.640625,458.59375,165.390625,581.640625,77.5,636.328125,126.328125,614.84375,40.390625,776.953125,0.68967485
171.25,253.515625,182.96875,235.9375,155.625,232.03125,194.6875,232.03125,124.375,216.40625,196.640625,282.8125,56.015625,265.234375,233.75,386.328125,18.90625,372.65625,225.9375,362.890625,87.265625,345.3125,141.953125,456.640625,69.6875,458.59375,167.34375,585.546875,73.59375,638.28125,138.046875,614.84375,40.390625,776.953125,0.7134543
159.53125,261.328125,171.25,243.75,143.90625,241.796875,182.96875,233.984375,114.609375,222.265625,182.96875,275.0,54.0625,271.09375,241.5625,327.734375,24.765625,366.796875,222.03125,329.6875,71.640625,355.078125,143.90625,460.546875,69.6875,462.5,171.25,589.453125,75.546875,634.375,143.90625,612.890625,36.484375,769.140625,0.7487186
155.625,263.28125,167.34375,245.703125,140.0,241.796875,181.015625,237.890625,112.65625,224.21875,184.921875,278.90625,56.015625,273.046875,218.125,331.640625,26.71875,366.796875,208.359375,345.3125,61.875,368.75,147.8125,460.546875,73.59375,462.5,177.109375,589.453125,75.546875,636.328125,143.90625,610.9375,36.484375,769.140625,0.7304134
155.625,263.28125,167.34375,247.65625,140.0,243.75,179.0625,239.84375,112.65625,224.21875,184.921875,280.859375,57.96875,273.046875,214.21875,360.9375,32.578125,372.65625,222.03125,362.890625,59.921875,378.515625,151.71875,462.5,79.453125,462.5,181.015625,591.40625,75.546875,638.28125,140.0,612.890625,36.484375,771.09375,0.7254546
147.8125,265.234375,163.4375,247.65625,134.140625,243.75,177.109375,239.84375,110.703125,226.171875,186.875,280.859375,59.921875,275.0,229.84375,345.3125,42.34375,372.65625,210.3125,347.265625,56.015625,400.0,155.625,464.453125,83.359375,470.3125,186.875,591.40625,79.453125,640.234375,143.90625,616.796875,34.53125,773.046875,0.6949187
171.25,263.28125,182.96875,245.703125,155.625,241.796875,192.734375,241.796875,130.234375,228.125,202.5,298.4375,69.6875,275.0,257.1875,392.1875,36.484375,347.265625,220.078125,366.796875,20.859375,394.140625,163.4375,466.40625,93.125,470.3125,190.78125,583.59375,104.84375,653.90625,145.859375,624.609375,48.203125,773.046875,0.6732867
225.9375,245.703125,233.75,230.078125,212.265625,226.171875,235.703125,230.078125,173.203125,214.453125,216.171875,288.671875,91.171875,275.0,200.546875,251.5625,7.1875,317.96875,198.59375,187.109375,22.8125,317.96875,173.203125,466.40625,108.75,470.3125,175.15625,622.65625,147.8125,655.859375,87.265625,763.28125,50.15625,782.8125,0.59892094
247.421875,245.703125,255.234375,233.984375,237.65625,228.125,249.375,228.125,204.453125,220.3125,196.640625,278.90625,149.765625,263.28125,175.15625,357.03125,130.234375,319.921875,212.265625,333.59375,272.8125,319.921875,157.578125,442.96875,116.5625,446.875,177.109375,591.40625,165.390625,638.28125,145.859375,624.609375,65.78125,784.765625,0.57152337
253.28125,243.75,259.140625,232.03125,251.328125,230.078125,190.78125,216.40625,222.03125,224.21875,149.765625,255.46875,182.96875,273.046875,198.59375,310.15625,186.875,325.78125,276.71875,323.828125,286.484375,317.96875,106.796875,433.203125,116.5625,446.875,190.78125,456.640625,171.25,628.515625,149.765625,585.546875,79.453125,778.90625,0.59806603
253.28125,239.84375,259.140625,230.078125,251.328125,224.21875,194.6875,222.265625,220.078125,216.40625,175.15625,265.234375,165.390625,261.328125,169.296875,329.6875,136.09375,337.5,265.0,323.828125,247.421875,329.6875,128.28125,439.0625,116.5625,448.828125,163.4375,511.328125,175.15625,624.609375,124.375,601.171875,83.359375,778.90625,0.6026136
255.234375,235.9375,259.140625,224.21875,249.375,220.3125,190.78125,218.359375,218.125,208.59375,190.78125,265.234375,151.71875,257.421875,114.609375,351.171875,95.078125,351.171875,204.453125,351.171875,190.78125,347.265625,136.09375,437.109375,114.609375,439.0625,149.765625,585.546875,179.0625,616.796875,114.609375,650.0,83.359375,773.046875,0.63766176
237.65625,237.890625,243.515625,224.21875,233.75,220.3125,196.640625,212.5,200.546875,202.734375,200.546875,255.46875,118.515625,265.234375,265.0,300.390625,61.875,360.9375,223.984375,321.875,167.34375,351.171875,151.71875,431.25,110.703125,442.96875,179.0625,554.296875,165.390625,620.703125,147.8125,622.65625,75.546875,769.140625,0.62940454
229.84375,228.125,235.703125,214.453125,223.984375,210.546875,167.34375,206.640625,184.921875,198.828125,192.734375,257.421875,108.75,265.234375,280.625,288.671875,63.828125,368.75,210.3125,327.734375,167.34375,347.265625,153.671875,429.296875,102.890625,441.015625,188.828125,540.625,153.671875,620.703125,145.859375,624.609375,67.734375,773.046875,0.6379458
218.125,224.21875,225.9375,210.546875,206.40625,206.640625,229.84375,208.59375,167.34375,194.921875,200.546875,257.421875,95.078125,265.234375,182.96875,353.125,71.640625,376.5625,212.265625,339.453125,163.4375,339.453125,157.578125,431.25,97.03125,439.0625,186.875,560.15625,138.046875,618.75,140.0,648.046875,65.78125,773.046875,0.66123724
210.3125,228.125,218.125,216.40625,200.546875,212.5,214.21875,212.5,161.484375,198.828125,196.640625,259.375,83.359375,265.234375,212.265625,370.703125,79.453125,380.46875,220.078125,319.921875,149.765625,331.640625,155.625,435.15625,95.078125,441.015625,188.828125,562.109375,118.515625,624.609375,132.1875,630.46875,61.875,771.09375,0.725257
202.5,224.21875,210.3125,212.5,192.734375,206.640625,200.546875,208.59375,153.671875,198.828125,190.78125,257.421875,79.453125,263.28125,214.21875,370.703125,83.359375,380.46875,218.125,317.96875,143.90625,321.875,151.71875,437.109375,91.171875,446.875,190.78125,560.15625,106.796875,626.5625,138.046875,622.65625,56.015625,769.140625,0.7277013
181.015625,245.703125,194.6875,230.078125,169.296875,226.171875,198.59375,224.21875,136.09375,214.453125,194.6875,271.09375,73.59375,267.1875,216.171875,382.421875,77.5,386.328125,210.3125,317.96875,130.234375,316.015625,151.71875,444.921875,87.265625,450.78125,190.78125,573.828125,95.078125,626.5625,155.625,614.84375,56.015625,763.28125,0.7719879
179.0625,259.375,192.734375,243.75,165.390625,241.796875,198.59375,235.9375,130.234375,226.171875,194.6875,282.8125,71.640625,276.953125,204.453125,394.140625,71.640625,396.09375,204.453125,360.9375,132.1875,327.734375,153.671875,450.78125,83.359375,456.640625,194.6875,579.6875,93.125,628.515625,155.625,612.890625,57.96875,761.328125,0.702667
175.15625,273.046875,190.78125,253.515625,165.390625,255.46875,194.6875,245.703125,130.234375,241.796875,192.734375,294.53125,65.78125,292.578125,206.40625,413.671875,65.78125,413.671875,202.5,357.03125,116.5625,351.171875,153.671875,454.6875,79.453125,464.453125,196.640625,583.59375,93.125,630.46875,157.578125,614.84375,57.96875,763.28125,0.73247385
175.15625,284.765625,188.828125,267.1875,163.4375,271.09375,194.6875,259.375,128.28125,255.46875,202.5,312.109375,63.828125,308.203125,202.5,423.4375,63.828125,425.390625,198.59375,380.46875,116.5625,370.703125,153.671875,464.453125,77.5,474.21875,202.5,589.453125,95.078125,636.328125,155.625,614.84375,57.96875,767.1875,0.7015556
182.96875,294.53125,192.734375,276.953125,171.25,282.8125,196.640625,273.046875,140.0,267.1875,196.640625,319.921875,65.78125,316.015625,208.359375,409.765625,63.828125,431.25,198.59375,382.421875,120.46875,382.421875,149.765625,468.359375,73.59375,482.03125,204.453125,587.5,98.984375,636.328125,151.71875,612.890625,56.015625,769.140625,0.6720886
179.0625,329.6875,194.6875,317.96875,171.25,314.0625,202.5,312.109375,145.859375,302.34375,194.6875,345.3125,77.5,343.359375,212.265625,407.8125,73.59375,460.546875,196.640625,400.0,134.140625,417.578125,143.90625,482.03125,71.640625,493.75,208.359375,585.546875,110.703125,640.234375,147.8125,612.890625,59.921875,773.046875,0.6212512
186.875,341.40625,202.5,331.640625,177.109375,325.78125,212.265625,323.828125,147.8125,310.15625,192.734375,353.125,79.453125,351.171875,229.84375,398.046875,83.359375,468.359375,198.59375,398.046875,141.953125,423.4375,138.046875,482.03125,67.734375,497.65625,210.3125,583.59375,118.515625,642.1875,143.90625,618.75,59.921875,771.09375,0.6599483
196.640625,353.125,212.265625,341.40625,188.828125,335.546875,214.21875,331.640625,157.578125,317.96875,188.828125,355.078125,85.3125,362.890625,223.984375,392.1875,91.171875,472.265625,198.59375,394.140625,151.71875,427.34375,134.140625,480.078125,61.875,495.703125,210.3125,575.78125,126.328125,640.234375,140.0,622.65625,65.78125,771.09375,0.66972417
216.171875,355.078125,225.9375,341.40625,210.3125,337.5,216.171875,331.640625,171.25,323.828125,186.875,353.125,93.125,368.75,237.65625,390.234375,100.9375,476.171875,202.5,388.28125,165.390625,423.4375,132.1875,476.171875,59.921875,495.703125,208.359375,567.96875,130.234375,640.234375,138.046875,626.5625,67.734375,771.09375,0.6738598
223.984375,351.171875,233.75,339.453125,218.125,335.546875,212.265625,327.734375,181.015625,323.828125,188.828125,355.078125,102.890625,366.796875,247.421875,388.28125,108.75,472.265625,210.3125,384.375,182.96875,427.34375,126.328125,476.171875,59.921875,495.703125,204.453125,560.15625,134.140625,638.28125,140.0,626.5625,67.734375,776.953125,0.65054655
229.84375,335.546875,237.65625,323.828125,225.9375,319.921875,223.984375,306.25,192.734375,302.34375,190.78125,335.546875,120.46875,351.171875,266.953125,355.078125,124.375,464.453125,231.796875,357.03125,192.734375,413.671875,124.375,472.265625,63.828125,489.84375,202.5,552.34375,138.046875,632.421875,136.09375,618.75,67.734375,775.0,0.66014314
231.796875,319.921875,241.5625,306.25,225.9375,304.296875,231.796875,292.578125,192.734375,286.71875,194.6875,331.640625,126.328125,341.40625,268.90625,345.3125,128.28125,448.828125,231.796875,349.21875,200.546875,401.953125,124.375,466.40625,67.734375,485.9375,200.546875,546.484375,138.046875,630.46875,143.90625,622.65625,67.734375,773.046875,0.6362061
235.703125,308.203125,243.515625,294.53125,231.796875,292.578125,229.84375,278.90625,200.546875,276.953125,192.734375,319.921875,130.234375,329.6875,272.8125,323.828125,132.1875,437.109375,241.5625,335.546875,200.546875,390.234375,122.421875,460.546875,69.6875,476.171875,200.546875,540.625,136.09375,626.5625,141.953125,628.515625,67.734375,771.09375,0.6520101
241.5625,292.578125,247.421875,276.953125,235.703125,278.90625,225.9375,265.234375,206.40625,267.1875,188.828125,308.203125,132.1875,317.96875,169.296875,314.0625,132.1875,425.390625,216.171875,349.21875,208.359375,372.65625,122.421875,452.734375,73.59375,468.359375,200.546875,538.671875,130.234375,622.65625,138.046875,628.515625,67.734375,765.234375,0.6296624
241.5625,280.859375,247.421875,265.234375,231.796875,267.1875,233.75,257.421875,202.5,255.46875,204.453125,298.4375,134.140625,306.25,311.875,271.09375,128.28125,411.71875,388.046875,179.296875,216.171875,357.03125,124.375,442.96875,75.546875,458.59375,202.5,536.71875,126.328125,614.84375,136.09375,624.609375,67.734375,761.328125,0.6478672
235.703125,251.5625,241.5625,237.890625,225.9375,235.9375,235.703125,233.984375,190.78125,228.125,204.453125,276.953125,132.1875,284.765625,306.015625,286.71875,128.28125,386.328125,393.90625,323.828125,218.125,327.734375,134.140625,435.15625,83.359375,442.96875,192.734375,528.90625,118.515625,605.078125,134.140625,620.703125,69.6875,759.375,0.67839766
231.796875,243.75,237.65625,232.03125,223.984375,228.125,225.9375,226.171875,192.734375,218.359375,190.78125,271.09375,132.1875,273.046875,302.109375,286.71875,124.375,378.515625,393.90625,321.875,210.3125,317.96875,132.1875,431.25,83.359375,437.109375,186.875,530.859375,114.609375,597.265625,130.234375,620.703125,73.59375,751.5625,0.6911629
229.84375,233.984375,235.703125,222.265625,222.03125,218.359375,225.9375,218.359375,188.828125,210.546875,200.546875,263.28125,126.328125,267.1875,302.109375,280.859375,124.375,368.75,393.90625,310.15625,206.40625,316.015625,136.09375,427.34375,83.359375,433.203125,184.921875,528.90625,114.609375,593.359375,132.1875,620.703125,75.546875,751.5625,0.7002105
227.890625,232.03125,233.75,220.3125,220.078125,216.40625,225.9375,212.5,188.828125,206.640625,194.6875,261.328125,124.375,263.28125,300.15625,292.578125,120.46875,366.796875,395.859375,312.109375,196.640625,316.015625,134.140625,427.34375,83.359375,435.15625,181.015625,530.859375,114.609375,593.359375,132.1875,620.703125,77.5,753.515625,0.7029485
222.03125,232.03125,229.84375,220.3125,214.21875,216.40625,227.890625,216.40625,179.0625,204.6875,198.59375,257.421875,120.46875,263.28125,304.0625,251.5625,114.609375,364.84375,374.375,167.578125,192.734375,316.015625,134.140625,427.34375,83.359375,433.203125,179.0625,532.8125,116.5625,595.3125,132.1875,620.703125,77.5,751.5625,0.719287
214.21875,228.125,223.984375,216.40625,202.5,212.5,227.890625,214.453125,165.390625,202.734375,216.171875,251.5625,110.703125,263.28125,296.25,265.234375,102.890625,370.703125,393.90625,317.96875,179.0625,316.015625,141.953125,423.4375,87.265625,433.203125,181.015625,532.8125,118.515625,595.3125,138.046875,618.75,79.453125,749.609375,0.6807675
212.265625,228.125,222.03125,216.40625,200.546875,212.5,223.984375,212.5,163.4375,200.78125,216.171875,253.515625,104.84375,263.28125,298.203125,263.28125,97.03125,374.609375,409.53125,323.828125,179.0625,314.0625,141.953125,425.390625,87.265625,433.203125,181.015625,536.71875,120.46875,597.265625,138.046875,620.703125,79.453125,751.5625,0.68142366
214.21875,224.21875,222.03125,210.546875,202.5,208.59375,222.03125,206.640625,163.4375,198.828125,216.171875,253.515625,104.84375,263.28125,292.34375,292.578125,91.171875,374.609375,407.578125,316.015625,163.4375,323.828125,140.0,427.34375,85.3125,433.203125,177.109375,534.765625,118.515625,595.3125,130.234375,620.703125,81.40625,749.609375,0.69941384
214.21875,224.21875,222.03125,208.59375,202.5,206.640625,222.03125,206.640625,163.4375,196.875,212.265625,255.46875,102.890625,263.28125,280.625,304.296875,87.265625,374.609375,390.0,325.78125,157.578125,325.78125,136.09375,431.25,83.359375,435.15625,169.296875,536.71875,116.5625,599.21875,132.1875,620.703125,79.453125,751.5625,0.71234167
212.265625,222.265625,220.078125,208.59375,200.546875,204.6875,222.03125,204.6875,161.484375,196.875,214.21875,255.46875,100.9375,263.28125,272.8125,314.0625,85.3125,376.5625,395.859375,321.875,153.671875,325.78125,136.09375,431.25,81.40625,435.15625,161.484375,536.71875,112.65625,599.21875,132.1875,620.703125,79.453125,751.5625,0.72053003
210.3125,222.265625,218.125,208.59375,196.640625,206.640625,220.078125,206.640625,157.578125,198.828125,210.3125,255.46875,98.984375,265.234375,265.0,317.96875,83.359375,376.5625,362.65625,325.78125,155.625,325.78125,134.140625,433.203125,79.453125,439.0625,163.4375,536.71875,110.703125,601.171875,130.234375,618.75,77.5,753.515625,0.7227615
208.359375,224.21875,214.21875,210.546875,194.6875,208.59375,218.125,208.59375,153.671875,202.734375,208.359375,257.421875,95.078125,269.140625,263.046875,321.875,85.3125,382.421875,313.828125,325.78125,157.578125,325.78125,132.1875,435.15625,77.5,441.015625,163.4375,536.71875,112.65625,603.125,128.28125,618.75,79.453125,753.515625,0.72253335
194.6875,239.84375,204.453125,226.171875,182.96875,222.265625,212.265625,220.3125,145.859375,212.5,200.546875,263.28125,91.171875,275.0,261.09375,321.875,95.078125,390.234375,315.78125,331.640625,171.25,335.546875,128.28125,435.15625,71.640625,444.921875,161.484375,536.71875,114.609375,607.03125,130.234375,618.75,81.40625,751.5625,0.70052606
186.875,249.609375,198.59375,233.984375,173.203125,232.03125,208.359375,224.21875,140.0,218.359375,192.734375,257.421875,91.171875,276.953125,257.1875,300.390625,104.84375,394.140625,307.96875,316.015625,186.875,321.875,128.28125,431.25,69.6875,442.96875,169.296875,534.765625,112.65625,608.984375,132.1875,618.75,81.40625,751.5625,0.7023532
186.875,247.65625,196.640625,232.03125,173.203125,230.078125,204.453125,224.21875,134.140625,216.40625,186.875,261.328125,87.265625,275.0,253.28125,302.34375,108.75,388.28125,265.0,308.203125,188.828125,316.015625,128.28125,433.203125,69.6875,444.921875,169.296875,534.765625,110.703125,607.03125,132.1875,618.75,81.40625,753.515625,0.7060561
184.921875,245.703125,196.640625,230.078125,171.25,228.125,202.5,224.21875,132.1875,214.453125,190.78125,259.375,83.359375,271.09375,263.046875,296.484375,108.75,388.28125,292.34375,296.484375,190.78125,317.96875,128.28125,433.203125,69.6875,442.96875,175.15625,532.8125,106.796875,605.078125,130.234375,616.796875,79.453125,751.5625,0.7071081
181.015625,241.796875,192.734375,226.171875,167.34375,222.265625,198.59375,220.3125,128.28125,212.5,190.78125,259.375,79.453125,269.140625,259.140625,300.390625,106.796875,386.328125,309.921875,308.203125,192.734375,317.96875,126.328125,433.203125,69.6875,442.96875,171.25,534.765625,102.890625,605.078125,128.28125,616.796875,79.453125,747.65625,0.7286182
173.203125,237.890625,182.96875,222.265625,159.53125,218.359375,188.828125,212.5,124.375,204.6875,192.734375,247.65625,77.5,267.1875,253.28125,298.4375,102.890625,380.46875,323.59375,302.34375,190.78125,323.828125,126.328125,429.296875,69.6875,437.109375,165.390625,538.671875,97.03125,599.21875,122.421875,616.796875,77.5,747.65625,0.7474272
173.203125,232.03125,182.96875,218.359375,159.53125,214.453125,188.828125,206.640625,124.375,202.734375,190.78125,241.796875,75.546875,267.1875,247.421875,294.53125,97.03125,378.515625,321.640625,292.578125,182.96875,327.734375,128.28125,427.34375,71.640625,435.15625,167.34375,538.671875,97.03125,599.21875,120.46875,618.75,79.453125,749.609375,0.74973
173.203125,230.078125,182.96875,214.453125,155.625,212.5,190.78125,204.6875,122.421875,200.78125,196.640625,243.75,73.59375,267.1875,253.28125,298.4375,91.171875,376.5625,319.6875,300.390625,173.203125,329.6875,128.28125,427.34375,71.640625,435.15625,167.34375,540.625,100.9375,597.265625,124.375,622.65625,79.453125,751.5625,0.74165356
177.109375,230.078125,186.875,216.40625,163.4375,214.453125,190.78125,206.640625,128.28125,202.734375,190.78125,247.65625,73.59375,269.140625,255.234375,290.625,87.265625,376.5625,348.984375,294.53125,165.390625,327.734375,128.28125,431.25,73.59375,437.109375,169.296875,540.625,106.796875,601.171875,126.328125,622.65625,79.453125,753.515625,0.73160505
179.0625,235.9375,188.828125,218.359375,165.390625,216.40625,194.6875,208.59375,128.28125,204.6875,192.734375,245.703125,73.59375,269.140625,233.75,263.28125,79.453125,378.515625,378.28125,292.578125,157.578125,327.734375,134.140625,431.25,73.59375,441.015625,173.203125,544.53125,112.65625,603.125,124.375,624.609375,83.359375,753.515625,0.7077723
182.96875,237.890625,194.6875,222.265625,173.203125,220.3125,198.59375,212.5,134.140625,206.640625,179.0625,249.609375,77.5,269.140625,216.171875,263.28125,73.59375,372.65625,206.40625,292.578125,145.859375,329.6875,128.28125,429.296875,77.5,437.109375,163.4375,542.578125,122.421875,599.21875,126.328125,628.515625,85.3125,753.515625,0.7071226
188.828125,232.03125,198.59375,216.40625,177.109375,214.453125,198.59375,208.59375,138.046875,200.78125,179.0625,247.65625,81.40625,265.234375,208.359375,259.375,73.59375,368.75,200.546875,292.578125,147.8125,327.734375,128.28125,427.34375,77.5,437.109375,163.4375,540.625,124.375,595.3125,128.28125,626.5625,85.3125,749.609375,0.7069256
190.78125,228.125,200.546875,214.453125,179.0625,210.546875,204.453125,204.6875,141.953125,196.875,181.015625,247.65625,85.3125,261.328125,214.21875,265.234375,75.546875,364.84375,204.453125,290.625,153.671875,329.6875,126.328125,425.390625,75.546875,433.203125,155.625,540.625,122.421875,595.3125,126.328125,626.5625,81.40625,751.5625,0.71852213
192.734375,224.21875,202.5,210.546875,184.921875,206.640625,206.40625,202.734375,145.859375,192.96875,181.015625,243.75,89.21875,257.421875,231.796875,292.578125,87.265625,360.9375,212.265625,288.671875,171.25,321.875,124.375,425.390625,73.59375,433.203125,147.8125,542.578125,120.46875,597.265625,126.328125,626.5625,77.5,747.65625,0.7308843
194.6875,222.265625,204.453125,208.59375,184.921875,202.734375,204.453125,198.828125,145.859375,191.015625,182.96875,241.796875,93.125,251.5625,239.609375,308.203125,100.9375,358.984375,220.078125,304.296875,192.734375,319.921875,122.421875,425.390625,75.546875,431.25,155.625,530.859375,116.5625,597.265625,124.375,622.65625,73.59375,753.515625,0.7161918
198.59375,222.265625,204.453125,208.59375,188.828125,206.640625,198.59375,198.828125,149.765625,194.921875,177.109375,241.796875,106.796875,257.421875,251.328125,290.625,143.90625,353.125,251.328125,304.296875,243.515625,323.828125,116.5625,427.34375,75.546875,433.203125,161.484375,530.859375,108.75,607.03125,122.421875,622.65625,59.921875,763.28125,0.6867703
198.59375,226.171875,206.40625,212.5,186.875,210.546875,206.40625,204.6875,147.8125,200.78125,181.015625,245.703125,106.796875,263.28125,257.1875,296.484375,145.859375,355.078125,263.046875,300.390625,245.46875,317.96875,114.609375,433.203125,73.59375,439.0625,159.53125,536.71875,106.796875,614.84375,122.421875,626.5625,56.015625,769.140625,0.7017021
198.59375,232.03125,208.359375,220.3125,190.78125,218.359375,175.15625,208.59375,151.71875,208.59375,167.34375,243.75,106.796875,265.234375,233.75,276.953125,136.09375,364.84375,255.234375,292.578125,231.796875,316.015625,110.703125,437.109375,71.640625,446.875,147.8125,550.390625,104.84375,622.65625,120.46875,630.46875,52.109375,775.0,0.7025396
200.546875,239.84375,210.3125,228.125,188.828125,224.21875,212.265625,222.265625,147.8125,212.5,153.671875,259.375,102.890625,273.046875,155.625,339.453125,120.46875,382.421875,218.125,310.15625,202.5,321.875,116.5625,442.96875,69.6875,454.6875,165.390625,556.25,104.84375,632.421875,122.421875,628.515625,50.15625,776.953125,0.6725236
196.640625,249.609375,206.40625,233.984375,186.875,230.078125,210.3125,228.125,143.90625,216.40625,159.53125,267.1875,93.125,275.0,145.859375,357.03125,100.9375,392.1875,204.453125,312.109375,179.0625,321.875,122.421875,450.78125,69.6875,466.40625,171.25,550.390625,100.9375,638.28125,124.375,632.421875,46.25,780.859375,0.6860855
188.828125,251.5625,200.546875,235.9375,177.109375,232.03125,206.40625,232.03125,136.09375,218.359375,171.25,269.140625,67.734375,276.953125,169.296875,360.9375,59.921875,392.1875,190.78125,321.875,132.1875,325.78125,132.1875,454.6875,67.734375,466.40625,161.484375,567.96875,93.125,642.1875,126.328125,628.515625,44.296875,780.859375,0.70385677
181.015625,251.5625,192.734375,233.984375,169.296875,230.078125,202.5,228.125,130.234375,214.453125,169.296875,275.0,56.015625,271.09375,163.4375,368.75,34.53125,384.375,196.640625,419.53125,120.46875,329.6875,132.1875,456.640625,69.6875,468.359375,161.484375,573.828125,87.265625,642.1875,124.375,628.515625,46.25,780.859375,0.7323125
169.296875,251.5625,179.0625,235.9375,155.625,232.03125,190.78125,228.125,120.46875,214.453125,169.296875,275.0,48.203125,271.09375,179.0625,374.609375,20.859375,384.375,190.78125,360.9375,98.984375,331.640625,136.09375,456.640625,73.59375,466.40625,163.4375,577.734375,81.40625,640.234375,124.375,626.5625,46.25,778.90625,0.73155177
159.53125,247.65625,169.296875,232.03125,143.90625,228.125,179.0625,224.21875,112.65625,212.5,181.015625,276.953125,44.296875,265.234375,220.078125,390.234375,20.859375,376.5625,204.453125,333.59375,98.984375,327.734375,138.046875,456.640625,71.640625,462.5,171.25,579.6875,81.40625,640.234375,130.234375,622.65625,46.25,776.953125,0.7704275
149.765625,249.609375,163.4375,233.984375,134.140625,230.078125,175.15625,226.171875,104.84375,214.453125,184.921875,276.953125,44.296875,265.234375,237.65625,376.5625,20.859375,372.65625,202.5,327.734375,91.171875,319.921875,141.953125,454.6875,71.640625,460.546875,175.15625,579.6875,79.453125,640.234375,134.140625,622.65625,46.25,776.953125,0.79952234
147.8125,255.46875,161.484375,237.890625,134.140625,235.9375,177.109375,230.078125,104.84375,220.3125,179.0625,271.09375,46.25,273.046875,212.265625,317.96875,24.765625,370.703125,200.546875,337.5,52.109375,358.984375,147.8125,458.59375,77.5,462.5,184.921875,581.640625,83.359375,638.28125,134.140625,620.703125,50.15625,775.0,0.6915083
151.71875,259.375,165.390625,241.796875,136.09375,239.84375,179.0625,233.984375,104.84375,222.265625,184.921875,269.140625,46.25,275.0,204.453125,345.3125,28.671875,382.421875,206.40625,351.171875,59.921875,368.75,155.625,458.59375,81.40625,464.453125,186.875,581.640625,83.359375,638.28125,134.140625,618.75,48.203125,775.0,0.726175
151.71875,259.375,163.4375,241.796875,136.09375,239.84375,177.109375,233.984375,104.84375,222.265625,184.921875,269.140625,46.25,275.0,218.125,364.84375,36.484375,384.375,145.859375,339.453125,75.546875,360.9375,155.625,458.59375,83.359375,464.453125,188.828125,581.640625,81.40625,638.28125,136.09375,618.75,48.203125,775.0,0.74858433
153.671875,265.234375,165.390625,245.703125,138.046875,245.703125,175.15625,235.9375,106.796875,226.171875,182.96875,271.09375,56.015625,278.90625,251.328125,337.5,36.484375,382.421875,206.40625,333.59375,71.640625,378.515625,157.578125,454.6875,87.265625,460.546875,192.734375,583.59375,85.3125,642.1875,141.953125,624.609375,48.203125,775.0,0.76948637
155.625,267.1875,169.296875,247.65625,141.953125,245.703125,181.015625,239.84375,112.65625,226.171875,186.875,280.859375,61.875,278.90625,270.859375,368.75,32.578125,384.375,220.078125,339.453125,59.921875,398.046875,159.53125,458.59375,89.21875,466.40625,194.6875,581.640625,95.078125,646.09375,143.90625,628.515625,50.15625,776.953125,0.782473
210.3125,249.609375,220.078125,233.984375,198.59375,228.125,222.03125,232.03125,157.578125,214.453125,216.171875,286.71875,75.546875,273.046875,237.65625,378.515625,13.046875,333.59375,229.84375,376.5625,5.234375,390.234375,157.578125,460.546875,95.078125,468.359375,188.828125,564.0625,134.140625,650.0,147.8125,634.375,56.015625,782.8125,0.7023163
239.609375,247.65625,247.421875,232.03125,227.890625,226.171875,241.5625,228.125,186.875,212.5,216.171875,288.671875,93.125,273.046875,196.640625,357.03125,7.1875,317.96875,200.546875,392.1875,13.046875,329.6875,163.4375,464.453125,104.84375,472.265625,202.5,562.109375,149.765625,653.90625,132.1875,659.765625,57.96875,784.765625,0.6414602
259.140625,245.703125,265.0,230.078125,251.328125,228.125,184.921875,222.265625,208.359375,218.359375,198.59375,265.234375,140.0,275.0,149.765625,327.734375,34.53125,327.734375,89.21875,405.859375,81.40625,321.875,145.859375,448.828125,110.703125,464.453125,204.453125,523.046875,159.53125,642.1875,153.671875,618.75,57.96875,784.765625,0.58910024
263.046875,239.84375,270.859375,228.125,253.28125,224.21875,265.0,224.21875,214.21875,222.265625,196.640625,265.234375,153.671875,275.0,159.53125,310.15625,138.046875,325.78125,204.453125,325.78125,270.859375,319.921875,155.625,435.15625,106.796875,448.828125,200.546875,519.140625,157.578125,642.1875,155.625,612.890625,59.921875,788.671875,0.5790506
259.140625,245.703125,265.0,233.984375,255.234375,232.03125,198.59375,216.40625,222.03125,222.265625,147.8125,247.65625,190.78125,275.0,95.078125,292.578125,237.65625,333.59375,165.390625,312.109375,335.3125,310.15625,120.46875,429.296875,106.796875,448.828125,200.546875,509.375,157.578125,640.234375,157.578125,610.9375,57.96875,788.671875,0.6566906
257.1875,235.9375,261.09375,222.265625,251.328125,218.359375,194.6875,214.453125,218.125,208.59375,186.875,261.328125,159.53125,263.28125,161.484375,341.40625,140.0,366.796875,245.46875,323.828125,241.5625,345.3125,130.234375,435.15625,98.984375,446.875,194.6875,521.09375,159.53125,640.234375,143.90625,628.515625,61.875,784.765625,0.650786
255.234375,235.9375,261.09375,222.265625,245.46875,218.359375,182.96875,214.453125,204.453125,206.640625,190.78125,263.28125,134.140625,265.234375,153.671875,349.21875,93.125,374.609375,218.125,331.640625,194.6875,349.21875,145.859375,437.109375,97.03125,450.78125,200.546875,526.953125,157.578125,640.234375,147.8125,620.703125,63.828125,784.765625,0.6874331
243.515625,241.796875,251.328125,226.171875,233.75,222.265625,243.515625,218.359375,194.6875,206.640625,194.6875,269.140625,114.609375,267.1875,188.828125,372.65625,77.5,380.46875,222.03125,316.015625,181.015625,341.40625,149.765625,444.921875,91.171875,456.640625,204.453125,556.25,151.71875,644.140625,134.140625,659.765625,61.875,784.765625,0.6703127
227.890625,245.703125,237.65625,230.078125,220.078125,226.171875,225.9375,224.21875,182.96875,210.546875,188.828125,276.953125,100.9375,269.140625,202.5,386.328125,73.59375,390.234375,231.796875,316.015625,159.53125,331.640625,147.8125,450.78125,85.3125,462.5,192.734375,564.0625,138.046875,648.046875,138.046875,632.421875,63.828125,782.8125,0.7226125
214.21875,247.65625,225.9375,232.03125,202.5,226.171875,225.9375,232.03125,161.484375,212.5,194.6875,284.765625,89.21875,273.046875,210.3125,407.8125,79.453125,400.0,214.21875,331.640625,143.90625,325.78125,151.71875,454.6875,83.359375,468.359375,196.640625,569.921875,122.421875,653.90625,155.625,618.75,61.875,780.859375,0.690081
184.921875,278.90625,202.5,257.421875,169.296875,259.375,212.265625,251.5625,136.09375,247.65625,210.3125,300.390625,71.640625,302.34375,212.265625,423.4375,75.546875,427.34375,198.59375,368.75,112.65625,343.359375,159.53125,466.40625,81.40625,483.984375,206.40625,593.359375,112.65625,657.8125,151.71875,614.84375,63.828125,778.90625,0.6825993
179.0625,288.671875,196.640625,267.1875,163.4375,269.140625,206.40625,263.28125,130.234375,259.375,204.453125,316.015625,69.6875,314.0625,212.265625,435.15625,73.59375,437.109375,192.734375,382.421875,112.65625,362.890625,153.671875,476.171875,79.453125,491.796875,210.3125,599.21875,112.65625,657.8125,151.71875,616.796875,63.828125,780.859375,0.7230388
181.015625,300.390625,196.640625,282.8125,167.34375,282.8125,206.40625,278.90625,132.1875,271.09375,190.78125,325.78125,67.734375,323.828125,198.59375,435.15625,71.640625,442.96875,200.546875,382.421875,110.703125,368.75,149.765625,480.078125,75.546875,497.65625,212.265625,605.078125,114.609375,657.8125,151.71875,618.75,65.78125,778.90625,0.6746148
184.921875,319.921875,200.546875,306.25,169.296875,304.296875,210.3125,300.390625,132.1875,296.484375,194.6875,339.453125,73.59375,343.359375,200.546875,441.015625,71.640625,464.453125,196.640625,398.046875,110.703125,400.0,149.765625,485.9375,75.546875,501.5625,212.265625,608.984375,114.609375,655.859375,153.671875,624.609375,63.828125,778.90625,0.6493227
188.828125,337.5,202.5,323.828125,173.203125,319.921875,212.265625,317.96875,136.09375,308.203125,194.6875,347.265625,79.453125,355.078125,206.40625,431.25,73.59375,482.03125,196.640625,398.046875,116.5625,419.53125,149.765625,493.75,73.59375,509.375,216.171875,608.984375,118.515625,657.8125,153.671875,626.5625,65.78125,778.90625,0.64495337
202.5,357.03125,214.21875,341.40625,186.875,339.453125,220.078125,335.546875,147.8125,327.734375,198.59375,362.890625,79.453125,372.65625,235.703125,390.234375,87.265625,493.75,202.5,421.484375,138.046875,444.921875,140.0,497.65625,65.78125,511.328125,218.125,603.125,132.1875,653.90625,159.53125,630.46875,67.734375,778.90625,0.62391627
208.359375,362.890625,222.03125,347.265625,198.59375,345.3125,225.9375,341.40625,159.53125,333.59375,196.640625,370.703125,87.265625,376.5625,225.9375,396.09375,97.03125,493.75,198.59375,427.34375,167.34375,448.828125,136.09375,497.65625,59.921875,511.328125,220.078125,595.3125,138.046875,653.90625,159.53125,638.28125,71.640625,778.90625,0.5995784
216.171875,372.65625,227.890625,357.03125,208.359375,353.125,229.84375,345.3125,167.34375,335.546875,194.6875,364.84375,95.078125,376.5625,249.375,388.28125,110.703125,491.796875,208.359375,400.0,171.25,425.390625,132.1875,495.703125,59.921875,509.375,218.125,585.546875,141.953125,653.90625,153.671875,636.328125,71.640625,780.859375,0.6293288
216.171875,360.9375,227.890625,347.265625,210.3125,343.359375,223.984375,335.546875,179.0625,329.6875,188.828125,357.03125,102.890625,372.65625,263.046875,374.609375,122.421875,485.9375,220.078125,378.515625,181.015625,419.53125,130.234375,491.796875,57.96875,507.421875,212.265625,579.6875,145.859375,651.953125,151.71875,630.46875,73.59375,782.8125,0.66108984
225.9375,345.3125,235.703125,331.640625,220.078125,329.6875,222.03125,321.875,184.921875,317.96875,182.96875,351.171875,112.65625,364.84375,265.0,358.984375,138.046875,474.21875,227.890625,364.84375,194.6875,401.953125,126.328125,487.890625,61.875,503.515625,206.40625,569.921875,145.859375,648.046875,145.859375,632.421875,73.59375,784.765625,0.65919304
233.75,317.96875,241.5625,304.296875,229.84375,302.34375,223.984375,282.8125,198.59375,284.765625,165.390625,327.734375,130.234375,341.40625,167.34375,403.90625,159.53125,444.921875,216.171875,360.9375,210.3125,370.703125,124.375,478.125,69.6875,497.65625,200.546875,554.296875,145.859375,642.1875,147.8125,634.375,71.640625,784.765625,0.5987602
233.75,302.34375,241.5625,288.671875,229.84375,286.71875,218.125,267.1875,202.5,273.046875,163.4375,314.0625,132.1875,329.6875,169.296875,329.6875,161.484375,435.15625,223.984375,343.359375,212.265625,357.03125,122.421875,466.40625,73.59375,483.984375,198.59375,550.390625,140.0,638.28125,147.8125,632.421875,69.6875,780.859375,0.6232005
235.703125,282.8125,241.5625,267.1875,227.890625,271.09375,222.03125,255.46875,196.640625,257.421875,173.203125,300.390625,130.234375,316.015625,171.25,294.53125,161.484375,415.625,212.265625,341.40625,214.21875,337.5,124.375,458.59375,73.59375,474.21875,194.6875,544.53125,134.140625,632.421875,145.859375,630.46875,67.734375,776.953125,0.6402862
237.65625,263.28125,241.5625,247.65625,225.9375,249.609375,171.25,243.75,190.78125,245.703125,179.0625,290.625,128.28125,306.25,292.34375,282.8125,155.625,411.71875,386.09375,319.921875,212.265625,331.640625,126.328125,446.875,75.546875,460.546875,194.6875,542.578125,128.28125,628.515625,136.09375,632.421875,65.78125,775.0,0.6823292
231.796875,251.5625,235.703125,237.890625,222.03125,237.890625,173.203125,233.984375,186.875,232.03125,182.96875,280.859375,128.28125,290.625,284.53125,357.03125,151.71875,394.140625,380.234375,179.296875,212.265625,319.921875,128.28125,441.015625,79.453125,450.78125,190.78125,540.625,124.375,618.75,134.140625,630.46875,67.734375,767.1875,0.68074375
223.984375,228.125,227.890625,214.453125,214.21875,212.5,225.9375,210.546875,177.109375,204.6875,200.546875,251.5625,122.421875,263.28125,302.109375,276.953125,136.09375,370.703125,384.140625,290.625,196.640625,308.203125,145.859375,425.390625,87.265625,435.15625,198.59375,521.09375,116.5625,605.078125,153.671875,624.609375,71.640625,757.421875,0.6493386
220.078125,214.453125,225.9375,200.78125,210.3125,198.828125,225.9375,198.828125,169.296875,194.921875,196.640625,245.703125,118.515625,257.421875,294.296875,257.421875,124.375,360.9375,386.09375,189.0625,192.734375,304.296875,138.046875,425.390625,85.3125,431.25,177.109375,530.859375,112.65625,597.265625,134.140625,622.65625,77.5,751.5625,0.70133835
216.171875,208.59375,223.984375,196.875,206.40625,194.921875,223.984375,194.921875,167.34375,187.109375,194.6875,245.703125,114.609375,253.515625,268.90625,269.140625,114.609375,357.03125,321.640625,243.75,184.921875,298.4375,136.09375,425.390625,83.359375,431.25,169.296875,534.765625,110.703125,593.359375,132.1875,620.703125,79.453125,749.609375,0.71578306
214.21875,200.78125,222.03125,189.0625,202.5,187.109375,222.03125,187.109375,163.4375,181.25,204.453125,237.890625,108.75,247.65625,292.34375,249.609375,104.84375,353.125,391.953125,185.15625,179.0625,296.484375,140.0,423.4375,85.3125,429.296875,167.34375,536.71875,112.65625,593.359375,132.1875,622.65625,81.40625,749.609375,0.71303767
192.734375,222.265625,200.546875,208.59375,181.015625,204.6875,204.453125,208.59375,145.859375,198.828125,204.453125,257.421875,95.078125,261.328125,261.09375,316.015625,81.40625,362.890625,311.875,316.015625,157.578125,327.734375,145.859375,425.390625,93.125,433.203125,177.109375,544.53125,138.046875,591.40625,140.0,624.609375,89.21875,739.84375,0.71023285
198.59375,222.265625,206.40625,208.59375,186.875,204.6875,210.3125,208.59375,151.71875,198.828125,208.359375,255.46875,100.9375,259.375,270.859375,298.4375,83.359375,358.984375,390.0,316.015625,165.390625,327.734375,145.859375,421.484375,93.125,431.25,179.0625,540.625,143.90625,589.453125,141.953125,628.515625,89.21875,735.9375,0.6941492
196.640625,216.40625,206.40625,204.6875,186.875,200.78125,210.3125,204.6875,153.671875,194.921875,214.21875,253.515625,104.84375,255.46875,265.0,310.15625,91.171875,357.03125,313.828125,314.0625,177.109375,319.921875,143.90625,421.484375,93.125,429.296875,175.15625,544.53125,143.90625,587.5,140.0,630.46875,87.265625,737.890625,0.6847958
202.5,216.40625,212.265625,204.6875,190.78125,200.78125,216.171875,202.734375,155.625,192.96875,214.21875,253.515625,112.65625,253.515625,259.140625,316.015625,98.984375,351.171875,265.0,314.0625,188.828125,319.921875,140.0,419.53125,91.171875,427.34375,179.0625,534.765625,141.953125,585.546875,138.046875,626.5625,85.3125,741.796875,0.6951214
200.546875,216.40625,212.265625,204.6875,190.78125,200.78125,216.171875,202.734375,157.578125,192.96875,216.171875,253.515625,116.5625,253.515625,266.953125,310.15625,118.515625,345.3125,362.65625,308.203125,210.3125,323.828125,143.90625,423.4375,93.125,429.296875,181.015625,534.765625,138.046875,587.5,134.140625,624.609375,83.359375,747.65625,0.71199733
204.453125,220.3125,214.21875,206.640625,192.734375,202.734375,220.078125,204.6875,157.578125,192.96875,214.21875,253.515625,118.515625,255.46875,263.046875,310.15625,140.0,343.359375,315.78125,306.25,239.609375,317.96875,141.953125,423.4375,91.171875,429.296875,182.96875,532.8125,132.1875,591.40625,134.140625,626.5625,81.40625,753.515625,0.70886827
210.3125,228.125,218.125,216.40625,202.5,212.5,212.265625,212.5,167.34375,202.734375,202.5,255.46875,120.46875,261.328125,266.953125,298.4375,140.0,355.078125,282.578125,300.390625,237.65625,317.96875,143.90625,429.296875,91.171875,437.109375,186.875,536.71875,122.421875,610.9375,134.140625,624.609375,77.5,773.046875,0.686739
212.265625,233.984375,218.125,222.265625,202.5,218.359375,210.3125,220.3125,165.390625,208.59375,186.875,261.328125,120.46875,269.140625,255.234375,316.015625,126.328125,370.703125,243.515625,316.015625,214.21875,329.6875,138.046875,435.15625,91.171875,444.921875,184.921875,530.859375,120.46875,620.703125,136.09375,626.5625,73.59375,775.0,0.663307
208.359375,241.796875,218.125,230.078125,198.59375,226.171875,218.125,226.171875,161.484375,214.453125,177.109375,265.234375,114.609375,280.859375,171.25,347.265625,106.796875,390.234375,214.21875,327.734375,196.640625,341.40625,141.953125,437.109375,87.265625,450.78125,184.921875,523.046875,120.46875,626.5625,147.8125,622.65625,69.6875,778.90625,0.6540811
206.40625,245.703125,214.21875,230.078125,196.640625,228.125,218.125,228.125,157.578125,216.40625,190.78125,267.1875,102.890625,280.859375,175.15625,351.171875,89.21875,394.140625,210.3125,333.59375,173.203125,358.984375,151.71875,439.0625,87.265625,452.734375,184.921875,532.8125,122.421875,632.421875,147.8125,624.609375,67.734375,780.859375,0.6461407
202.5,247.65625,212.265625,232.03125,190.78125,228.125,220.078125,228.125,149.765625,216.40625,184.921875,271.09375,91.171875,282.8125,159.53125,357.03125,69.6875,394.140625,194.6875,347.265625,151.71875,364.84375,147.8125,446.875,85.3125,460.546875,179.0625,562.109375,118.515625,632.421875,130.234375,628.515625,67.734375,778.90625,0.6786432
184.921875,247.65625,198.59375,230.078125,169.296875,226.171875,202.5,224.21875,130.234375,214.453125,196.640625,273.046875,69.6875,275.0,204.453125,376.5625,36.484375,390.234375,202.5,357.03125,122.421875,364.84375,149.765625,450.78125,81.40625,458.59375,181.015625,566.015625,104.84375,632.421875,134.140625,624.609375,63.828125,776.953125,0.7170206
173.203125,247.65625,184.921875,230.078125,155.625,228.125,194.6875,222.265625,122.421875,216.40625,194.6875,271.09375,61.875,275.0,222.03125,372.65625,30.625,386.328125,222.03125,355.078125,106.796875,364.84375,151.71875,448.828125,83.359375,456.640625,184.921875,566.015625,97.03125,630.46875,140.0,620.703125,63.828125,776.953125,0.74859184
161.484375,253.515625,171.25,235.9375,145.859375,233.984375,182.96875,226.171875,116.5625,218.359375,190.78125,271.09375,57.96875,276.953125,249.375,370.703125,32.578125,386.328125,222.03125,323.828125,95.078125,362.890625,153.671875,446.875,85.3125,454.6875,186.875,567.96875,95.078125,628.515625,140.0,616.796875,61.875,775.0,0.77369547
153.671875,257.421875,165.390625,239.84375,138.046875,237.890625,181.015625,228.125,112.65625,220.3125,188.828125,271.09375,56.015625,276.953125,265.0,357.03125,32.578125,386.328125,237.65625,331.640625,91.171875,358.984375,155.625,444.921875,85.3125,452.734375,190.78125,567.96875,95.078125,630.46875,140.0,614.84375,65.78125,773.046875,0.77438813
155.625,261.328125,167.34375,243.75,138.046875,243.75,179.0625,232.03125,110.703125,226.171875,192.734375,267.1875,59.921875,280.859375,265.0,331.640625,36.484375,384.375,218.125,327.734375,79.453125,374.609375,159.53125,450.78125,89.21875,458.59375,194.6875,571.875,97.03125,632.421875,145.859375,616.796875,65.78125,773.046875,0.7614454
161.484375,267.1875,173.203125,249.609375,145.859375,249.609375,184.921875,239.84375,116.5625,232.03125,192.734375,276.953125,63.828125,286.71875,212.265625,351.171875,44.296875,392.1875,206.40625,339.453125,77.5,388.28125,163.4375,454.6875,97.03125,462.5,202.5,571.875,100.9375,630.46875,145.859375,620.703125,67.734375,773.046875,0.7050467
163.4375,273.046875,175.15625,253.515625,147.8125,257.421875,186.875,241.796875,118.515625,235.9375,196.640625,278.90625,67.734375,292.578125,225.9375,335.546875,54.0625,394.140625,214.21875,347.265625,91.171875,392.1875,169.296875,456.640625,100.9375,464.453125,206.40625,571.875,102.890625,632.421875,147.8125,622.65625,67.734375,773.046875,0.71271753
163.4375,276.953125,179.0625,259.375,149.765625,261.328125,190.78125,245.703125,122.421875,235.9375,198.59375,273.046875,71.640625,294.53125,257.1875,341.40625,52.109375,394.140625,208.359375,333.59375,83.359375,401.953125,173.203125,456.640625,104.84375,466.40625,208.359375,571.875,106.796875,632.421875,151.71875,626.5625,69.6875,773.046875,0.7613023
171.25,263.28125,182.96875,249.609375,159.53125,247.65625,194.6875,243.75,138.046875,233.984375,204.453125,282.8125,81.40625,288.671875,270.859375,364.84375,50.15625,382.421875,218.125,343.359375,65.78125,411.71875,171.25,450.78125,108.75,460.546875,214.21875,569.921875,116.5625,636.328125,157.578125,626.5625,73.59375,771.09375,0.69830465
181.015625,261.328125,194.6875,245.703125,171.25,241.796875,200.546875,245.703125,149.765625,230.078125,216.171875,304.296875,87.265625,286.71875,276.71875,388.28125,48.203125,364.84375,259.140625,362.890625,48.203125,417.578125,177.109375,460.546875,114.609375,470.3125,216.171875,569.921875,132.1875,640.234375,161.484375,632.421875,75.546875,775.0,0.7185761
243.515625,249.609375,251.328125,235.9375,231.796875,228.125,247.421875,235.9375,190.78125,216.40625,227.890625,290.625,104.84375,280.859375,245.46875,380.46875,22.8125,333.59375,255.234375,364.84375,9.140625,384.375,186.875,460.546875,124.375,468.359375,198.59375,552.34375,177.109375,646.09375,145.859375,610.9375,85.3125,778.90625,0.6500592
261.09375,245.703125,268.90625,230.078125,249.375,228.125,261.09375,226.171875,212.265625,222.265625,186.875,261.328125,161.484375,294.53125,130.234375,282.8125,44.296875,327.734375,196.640625,343.359375,65.78125,329.6875,169.296875,450.78125,138.046875,470.3125,194.6875,532.8125,188.828125,642.1875,169.296875,587.5,91.171875,778.90625,0.5758973
265.0,243.75,270.859375,233.984375,261.09375,228.125,253.28125,226.171875,227.890625,220.3125,200.546875,271.09375,181.015625,269.140625,171.25,335.546875,155.625,317.96875,192.734375,343.359375,327.5,316.015625,141.953125,442.96875,134.140625,450.78125,181.015625,448.828125,194.6875,628.515625,143.90625,579.6875,100.9375,775.0,0.53958815
266.953125,251.5625,270.859375,239.84375,266.953125,237.890625,214.21875,218.359375,245.46875,226.171875,165.390625,255.46875,200.546875,276.953125,231.796875,321.875,251.328125,325.78125,190.78125,403.90625,343.125,317.96875,110.703125,433.203125,136.09375,446.875,169.296875,456.640625,198.59375,616.796875,149.765625,599.21875,112.65625,763.28125,0.6462152
266.953125,249.609375,270.859375,237.890625,268.90625,235.9375,212.265625,216.40625,249.375,224.21875,163.4375,255.46875,206.40625,271.09375,206.40625,335.546875,218.125,339.453125,198.59375,337.5,306.015625,329.6875,102.890625,435.15625,136.09375,448.828125,157.578125,472.265625,204.453125,608.984375,145.859375,587.5,122.421875,753.515625,0.6441207
261.09375,243.75,266.953125,232.03125,261.09375,226.171875,220.078125,222.265625,227.890625,212.5,184.921875,263.28125,167.34375,265.234375,151.71875,353.125,126.328125,370.703125,214.21875,351.171875,220.078125,360.9375,134.140625,435.15625,128.28125,442.96875,155.625,534.765625,208.359375,610.9375,143.90625,591.40625,122.421875,753.515625,0.68252707
259.140625,241.796875,266.953125,228.125,253.28125,224.21875,261.09375,224.21875,216.171875,210.546875,200.546875,267.1875,151.71875,265.234375,163.4375,349.21875,106.796875,368.75,222.03125,335.546875,198.59375,362.890625,163.4375,437.109375,126.328125,444.921875,179.0625,591.40625,200.546875,618.75,140.0,648.046875,112.65625,763.28125,0.6723965
255.234375,245.703125,263.046875,230.078125,245.46875,226.171875,261.09375,228.125,204.453125,212.5,212.265625,269.140625,138.046875,271.09375,175.15625,357.03125,95.078125,388.28125,218.125,339.453125,190.78125,360.9375,173.203125,444.921875,120.46875,450.78125,181.015625,593.359375,186.875,626.5625,122.421875,751.5625,102.890625,775.0,0.68173164
247.421875,251.5625,255.234375,237.890625,237.65625,232.03125,255.234375,235.9375,198.59375,218.359375,220.078125,269.140625,120.46875,288.671875,259.140625,317.96875,100.9375,405.859375,239.609375,339.453125,182.96875,360.9375,175.15625,442.96875,110.703125,452.734375,196.640625,550.390625,169.296875,628.515625,130.234375,583.59375,95.078125,775.0,0.70166236
237.65625,265.234375,245.46875,251.5625,229.84375,247.65625,243.515625,251.5625,194.6875,232.03125,216.171875,286.71875,110.703125,298.4375,237.65625,372.65625,104.84375,415.625,233.75,355.078125,175.15625,360.9375,175.15625,450.78125,106.796875,466.40625,210.3125,564.0625,161.484375,634.375,147.8125,599.21875,91.171875,771.09375,0.6841957
218.125,304.296875,227.890625,290.625,210.3125,286.71875,227.890625,276.953125,171.25,269.140625,206.40625,314.0625,100.9375,319.921875,237.65625,407.8125,112.65625,446.875,243.515625,376.5625,173.203125,368.75,167.34375,462.5,95.078125,480.078125,220.078125,579.6875,153.671875,626.5625,173.203125,618.75,93.125,769.140625,0.7089628
214.21875,317.96875,225.9375,308.203125,206.40625,302.34375,229.84375,300.390625,167.34375,284.765625,206.40625,341.40625,97.03125,339.453125,227.890625,439.0625,112.65625,458.59375,237.65625,390.234375,169.296875,392.1875,169.296875,478.125,95.078125,491.796875,225.9375,587.5,155.625,626.5625,171.25,610.9375,95.078125,769.140625,0.73232925
210.3125,337.5,223.984375,325.78125,200.546875,319.921875,227.890625,317.96875,169.296875,304.296875,212.265625,349.21875,98.984375,351.171875,229.84375,452.734375,114.609375,472.265625,239.609375,405.859375,163.4375,413.671875,169.296875,489.84375,93.125,499.609375,229.84375,595.3125,157.578125,630.46875,169.296875,612.890625,95.078125,773.046875,0.71683174
208.359375,360.9375,220.078125,345.3125,198.59375,341.40625,225.9375,333.59375,171.25,319.921875,229.84375,364.84375,98.984375,368.75,227.890625,464.453125,110.703125,483.984375,208.359375,425.390625,163.4375,433.203125,171.25,497.65625,91.171875,507.421875,233.75,599.21875,163.4375,636.328125,179.0625,610.9375,97.03125,771.09375,0.6627623
212.265625,378.515625,222.03125,362.890625,202.5,358.984375,225.9375,347.265625,173.203125,335.546875,225.9375,370.703125,104.84375,378.515625,231.796875,464.453125,110.703125,493.75,212.265625,433.203125,171.25,441.015625,171.25,499.609375,93.125,513.28125,237.65625,599.21875,169.296875,640.234375,181.015625,605.078125,98.984375,767.1875,0.6357343
227.890625,388.28125,237.65625,372.65625,220.078125,370.703125,235.703125,360.9375,188.828125,347.265625,216.171875,380.46875,116.5625,390.234375,276.71875,444.921875,126.328125,503.515625,231.796875,427.34375,188.828125,446.875,163.4375,501.5625,87.265625,517.1875,243.515625,585.546875,181.015625,646.09375,167.34375,569.921875,102.890625,767.1875,0.60312116
237.65625,386.328125,247.421875,370.703125,229.84375,370.703125,243.515625,358.984375,196.640625,349.21875,214.21875,378.515625,126.328125,398.046875,280.625,444.921875,140.0,509.375,249.375,403.90625,198.59375,442.96875,165.390625,503.515625,89.21875,519.140625,249.375,581.640625,188.828125,646.09375,167.34375,575.78125,102.890625,773.046875,0.5899705
247.421875,386.328125,259.140625,368.75,239.609375,368.75,255.234375,355.078125,202.5,351.171875,210.3125,374.609375,132.1875,396.09375,282.578125,386.328125,149.765625,509.375,265.0,392.1875,204.453125,442.96875,167.34375,497.65625,91.171875,519.140625,247.421875,571.875,194.6875,644.140625,175.15625,567.96875,106.796875,767.1875,0.6136786
257.1875,378.515625,265.0,362.890625,253.28125,364.84375,251.328125,347.265625,218.125,345.3125,208.359375,372.65625,141.953125,394.140625,296.25,366.796875,163.4375,507.421875,251.328125,380.46875,222.03125,437.109375,163.4375,495.703125,91.171875,519.140625,241.5625,566.015625,198.59375,642.1875,188.828125,560.15625,108.75,767.1875,0.5827498
263.046875,366.796875,268.90625,351.171875,257.1875,351.171875,257.1875,333.59375,223.984375,335.546875,216.171875,362.890625,155.625,384.375,327.5,288.671875,171.25,497.65625,393.90625,165.625,231.796875,431.25,159.53125,491.796875,93.125,515.234375,227.890625,556.25,198.59375,640.234375,188.828125,567.96875,110.703125,765.234375,0.59927756
263.046875,335.546875,268.90625,321.875,257.1875,319.921875,261.09375,308.203125,223.984375,306.25,216.171875,343.359375,173.203125,358.984375,208.359375,415.625,192.734375,464.453125,251.328125,368.75,255.234375,401.953125,167.34375,482.03125,106.796875,501.5625,239.609375,564.0625,192.734375,632.421875,157.578125,564.0625,108.75,765.234375,0.61127245
265.0,319.921875,272.8125,306.25,261.09375,304.296875,261.09375,292.578125,229.84375,288.671875,225.9375,331.640625,173.203125,343.359375,309.921875,396.09375,196.640625,448.828125,263.046875,364.84375,251.328125,390.234375,175.15625,470.3125,114.609375,485.9375,237.65625,558.203125,186.875,628.515625,149.765625,558.203125,104.84375,765.234375,0.6052575
263.046875,304.296875,270.859375,290.625,259.140625,288.671875,257.1875,276.953125,225.9375,273.046875,223.984375,316.015625,175.15625,325.78125,311.875,386.328125,188.828125,433.203125,386.09375,374.609375,243.515625,380.46875,175.15625,458.59375,118.515625,470.3125,231.796875,552.34375,181.015625,624.609375,149.765625,560.15625,106.796875,759.375,0.61830664
265.0,263.28125,270.859375,249.609375,259.140625,247.65625,259.140625,241.796875,225.9375,237.890625,231.796875,290.625,175.15625,294.53125,319.6875,362.890625,175.15625,400.0,388.046875,376.5625,216.171875,382.421875,171.25,433.203125,118.515625,439.0625,223.984375,548.4375,171.25,593.359375,155.625,616.796875,114.609375,749.609375,0.64565384
263.046875,243.75,268.90625,232.03125,255.234375,228.125,266.953125,224.21875,222.03125,218.359375,231.796875,275.0,165.390625,282.8125,323.59375,233.984375,169.296875,392.1875,390.0,165.625,225.9375,331.640625,173.203125,425.390625,120.46875,431.25,222.03125,544.53125,169.296875,577.734375,167.34375,646.09375,120.46875,733.984375,0.66482204
638.046875,-100.0,370.46875,329.6875,198.59375,478.125,638.046875,-100.0,-110.0,-100.0,638.046875,-100.0,-110.0,-100.0,638.046875,898.046875,-110.0,898.046875,638.046875,898.046875,-110.0,898.046875,638.046875,-100.0,-110.0,-100.0,638.046875,898.046875,-110.0,898.046875,638.046875,898.046875,-110.0,898.046875,0.09444683
638.046875,-100.0,370.46875,329.6875,198.59375,478.125,638.046875,-100.0,-110.0,-100.0,638.046875,-100.0,-110.0,-100.0,638.046875,898.046875,-110.0,898.046875,638.046875,898.046875,-110.0,898.046875,638.046875,-100.0,-110.0,-100.0,638.046875,898.046875,-110.0,898.046875,638.046875,898.046875,-110.0,898.046875,0.09444683
638.046875,-100.0,370.46875,329.6875,198.59375,478.125,638.046875,-100.0,-110.0,-100.0,638.046875,-100.0,-110.0,-100.0,638.046875,898.046875,-110.0,898.046875,638.046875,898.046875,-110.0,898.046875,638.046875,-100.0,-110.0,-100.0,638.046875,898.046875,-110.0,898.046875,638.046875,898.046875,-110.0,898.046875,0.09444683
638.046875,-100.0,370.46875,329.6875,198.59375,478.125,638.046875,-100.0,-110.0,-100.0,638.046875,-100.0,-110.0,-100.0,638.046875,898.046875,-110.0,898.046875,638.046875,898.046875,-110.0,898.046875,638.046875,-100.0,-110.0,-100.0,638.046875,898.046875,-110.0,898.046875,638.046875,898.046875,-110.0,898.046875,0.09444683
638.046875,-100.0,370.46875,329.6875,198.59375,478.125,638.046875,-100.0,-110.0,-100.0,638.046875,-100.0,-110.0,-100.0,638.046875,898.046875,-110.0,898.046875,638.046875,898.046875,-110.0,898.046875,638.046875,-100.0,-110.0,-100.0,638.046875,898.046875,-110.0,898.046875,638.046875,898.046875,-110.0,898.046875,0.09444683
638.046875,-100.0,370.46875,325.78125,198.59375,532.8125,638.046875,-100.0,-110.0,-100.0,638.046875,-100.0,-110.0,-100.0,638.046875,898.046875,-110.0,898.046875,638.046875,898.046875,-110.0,898.046875,638.046875,-100.0,-110.0,-100.0,638.046875,898.046875,-110.0,898.046875,638.046875,898.046875,-110.0,898.046875,0.09574218
194.6875,-100.0,194.6875,-100.0,167.34375,-100.0,198.59375,-100.0,147.8125,-100.0,638.046875,-100.0,-110.0,-100.0,638.046875,-100.0,-110.0,898.046875,638.046875,-100.0,-110.0,-100.0,638.046875,-100.0,-110.0,-100.0,638.046875,898.046875,-110.0,898.046875,638.046875,898.046875,-110.0,898.046875,0.10612699
210.3125,140.234375,200.546875,120.703125,192.734375,112.890625,212.265625,136.328125,220.078125,118.75,337.265625,153.90625,104.84375,114.84375,390.0,405.859375,91.171875,405.859375,347.03125,898.046875,149.765625,898.046875,347.03125,-100.0,171.25,-100.0,366.5625,898.046875,169.296875,898.046875,350.9375,898.046875,181.015625,898.046875,0.09050234
